<Request xmlns="http://www.accredohealth.com/integration/schemas/patientdb/FutureVisitRequest">
  <!-- DEV  pat:2734883/38985  nurse: 58819
  appt id 282170 - 
  -->
  <PatientId>2734883</PatientId>
  <PrevApptId>282170</PrevApptId>
  <!-- SI -->
  <!--PatientId>2839736</PatientId>
  <PrevApptId>970517</PrevApptId-->
  <ApptDateTime>10/12/2017 11:03</ApptDateTime>
  <NextVisitVirtual></NextVisitVirtual>
  <NextVisitLocation>
    <Company></Company>
    <Addr1></Addr1>
    <Addr2></Addr2>
    <City></City>
    <State></State>
    <Zip></Zip>
  </NextVisitLocation>
  <NextVisitLocIndicatorId>1</NextVisitLocIndicatorId>
  <NextVisitLocIndicatorValue>Same as Current Visit</NextVisitLocIndicatorValue>
  <FlexibleAppt>Y</FlexibleAppt>
  <IsTherapyTypeDifferent>Same As Current Therapy</IsTherapyTypeDifferent>
</Request>